title,company,location,link
Python Software Engineer (Quant Trading Firm),"Old Mission Capital, LLC","Chicago, IL",https://stackoverflow.com/jobs/528807
Python Entwickler*in Remote (f/m/d),Ambient,"Köln, Deutschland",https://stackoverflow.com/jobs/493874
Senior Software Developer Python (m/f/d),Ströer Online Marketing,"Hamburg, Deutschland",https://stackoverflow.com/jobs/462625
Python Web Application Developer (Entry or Mid Level),"Cipher Tech Solutions, Inc",No office location,https://stackoverflow.com/jobs/561032
Python Data Engineer,Tech City Labs,"Reading, UK",https://stackoverflow.com/jobs/566099
Software Developer | Python,Marley Spoon AG,"Lisbon, Portugal",https://stackoverflow.com/jobs/566072
Senior Backend Engineer - Python,Cornershop,"São Paulo, Brazil",https://stackoverflow.com/jobs/515697
Python/Django Developer (m/f/d) - Remote,social sweethearts® GmbH,No office location,https://stackoverflow.com/jobs/566033
Principal Python Engineer,ComplyAdvantage,"London, UK",https://stackoverflow.com/jobs/504216
Software Developer (Python),Picnic,"Amsterdam, Netherlands",https://stackoverflow.com/jobs/292346
Python/Django back-end developer (Remote),Soshace LLC,No office location,https://stackoverflow.com/jobs/561827
Sr. Full Stack Engineer- Python,AutoTrader,"Toronto, ON, Canada",https://stackoverflow.com/jobs/529021
Backend developer (Python/Django) with a passion for open source,5 Monkeys Agency ABvia5 Monkeys Agency AB,"Stockholm, Sweden",https://stackoverflow.com/jobs/565994
Python Software Engineer - International growing scale-up!,Channable,"Utrecht, Netherlands",https://stackoverflow.com/jobs/265091
Python Software Engineer (Data Pipeline),Bloomreach,No office location,https://stackoverflow.com/jobs/524987
Senior Backend (Python / Django) Engineer (m/f/x),Alasco,"München, Germany",https://stackoverflow.com/jobs/559740
Senior Data Engineer - Python Technologies,Capital Group,"Irvine, CA",https://stackoverflow.com/jobs/538626
(Python / Django / GraphQL) - Backend Developer,OpenUnited,No office location,https://stackoverflow.com/jobs/566065
Python Software Developer,EODC GmbH,"Wien, Österreich",https://stackoverflow.com/jobs/496568
Python Engineer,McD Tech Labs,"Mountain View, CA",https://stackoverflow.com/jobs/534766
Senior Python/Django Full-stack Developer,Apicbase Belgium,No office location,https://stackoverflow.com/jobs/545356
"SENIOR FULL-STACK DEV WITH RUBY / PYTHON / REACT NATIVE -- 100% REMOTE, FLEXIBLE",Analytics Fire,No office location,https://stackoverflow.com/jobs/517987
Software Engineer - Machine Learning Team (Python/C++) (m/w/d),Volume Graphics GmbH,"Heidelberg, Deutschland",https://stackoverflow.com/jobs/550558
Backend Engineer (Python/ Django),Sector Labs,"Dubai, United Arab Emirates",https://stackoverflow.com/jobs/518496
Junior Backend (Python / Django) Engineer (m/f/x),Alasco,"München, Germany",https://stackoverflow.com/jobs/559737
Senior Backend Engineer (Python/Django) (m/f/d),Motius GmbH,"Belgrad, Serbien",https://stackoverflow.com/jobs/565746
Senior Python/Django Full-stack Developer,Apicbase Belgium,No office location,https://stackoverflow.com/jobs/545356
"SENIOR FULL-STACK DEV WITH RUBY / PYTHON / REACT NATIVE -- 100% REMOTE, FLEXIBLE",Analytics Fire,No office location,https://stackoverflow.com/jobs/517987
Software Engineer - Machine Learning Team (Python/C++) (m/w/d),Volume Graphics GmbH,"Heidelberg, Deutschland",https://stackoverflow.com/jobs/550558
Junior Backend (Python / Django) Engineer (m/f/x),Alasco,"München, Germany",https://stackoverflow.com/jobs/559737
Senior Software Engineer (Python),HENNGE K.K.,"Tokyo, Japan",https://stackoverflow.com/jobs/555511
Full-Stack Engineer (Python OR Javascript),Neo4j,"Malmö, Sweden",https://stackoverflow.com/jobs/362199
"Data Engineer (Python, ETL)",Finsera,No office location,https://stackoverflow.com/jobs/536631
"Python Software Engineer, Commercial Systems",Canonical,No office location,https://stackoverflow.com/jobs/560585
Python Software Engineer,Captivation Software,"Fort Meade, MD",https://stackoverflow.com/jobs/525426
Software Engineer (Java/Python),ComplyAdvantage,"London, UK",https://stackoverflow.com/jobs/528544
Lead/Senior Software Engineer (Python/Django),Sector Labs,"Dubai, United Arab Emirates",https://stackoverflow.com/jobs/551454
Senior Python Backend Developer,Alfi Inc.,"Belfast, UK",https://stackoverflow.com/jobs/520640
Senior Backend Engineer - Python - México,Cornershop by Uber,No office location,https://stackoverflow.com/jobs/526139
"Python Back End Developer (FastAPI, Django, Celery)","Daupler, Inc.","Kansas City, MO",https://stackoverflow.com/jobs/523350
Senior Python/Django Full-stack Developer,Apicbase Belgium,No office location,https://stackoverflow.com/jobs/515716
(Senior) Full-Stack Web Developer - React | Typescript | Python | Kubernetes,Dynatrace,"Wien, Austria",https://stackoverflow.com/jobs/559763
Senior Software Engineer - Python,DIGARC,No office location,https://stackoverflow.com/jobs/497630
"Senior IoT Developer (M/W/D/) Python, C++",VISPIRON CHARGE-V GmbH,"München, Deutschland",https://stackoverflow.com/jobs/524044
Python Developer (Remote),X-Team,No office location,https://stackoverflow.com/jobs/534454
Senior Data Engineer (Python) - Remote,SemanticBits,No office location,https://stackoverflow.com/jobs/559051
Back-End Developer (i.e. Python),Imaginary Cloud,No office location,https://stackoverflow.com/jobs/565769
"Senior Software Engineer, Integration QA, Python",Canonical,No office location,https://stackoverflow.com/jobs/519661
Senior Fullstack Engineer (Python/Django/React)- #12 of Top-100 Marketplaces,StyleSeat,No office location,https://stackoverflow.com/jobs/561047
Software Engineer (Python Data Stack) (m/f/d),QuantCo,"Karlsruhe, Germany",https://stackoverflow.com/jobs/349976
Python Software Engineer - International growing scale-up!,Channable,"Utrecht, Netherlands",https://stackoverflow.com/jobs/265091
Senior Backend (Python / Django) Engineer (m/f/x),Alasco,"München, Germany",https://stackoverflow.com/jobs/559740
Python Software Engineer (Data Pipeline),Bloomreach,No office location,https://stackoverflow.com/jobs/524987
"Senior .Net Developer for ML, Computer Vision and Python Algorithm development",MapLarge,No office location,https://stackoverflow.com/jobs/165235
Python Developer suchen Kollegen (m/w/d),solute GmbH,"Karlsruhe, Deutschland",https://stackoverflow.com/jobs/284443
"QA Automation Engineer ( Python, Pytest)",Modus Create,No office location,https://stackoverflow.com/jobs/565910
A 'jack-of-all-trades' for an Agile team - Python Dev/ Tech Lead/ Scrum Master,Pentalog,"Hanoi, Vietnam",https://stackoverflow.com/jobs/554242
Contract Python Engineer - £500-600/day - Outside IR35 - Remote/UK - ClimateTech,Confido Talent,No office location,https://stackoverflow.com/jobs/565900
Senior Python Softwareentwickler:in (m/w/d),JobRad GmbH,"Freiburg im Breisgau, Deutschland",https://stackoverflow.com/jobs/563123
Software Engineers - Cloud Reliability & Infrastructure (Python or Java),Canva,"Sydney, Australia",https://stackoverflow.com/jobs/373689
"Principal Software Engineer, Data (Python & pandas) - London",Synthace Ltd.,"London, UK",https://stackoverflow.com/jobs/554536
Fullstack Cloud Engineer (Python/React/AWS),Montash,No office location,https://stackoverflow.com/jobs/556128
HPC Engineering Manager - Python & Linux,Canonical,No office location,https://stackoverflow.com/jobs/565980
"Data Engineer (Python, ETL)",Finsera,No office location,https://stackoverflow.com/jobs/536631
Software Engineer (Java/Python),ComplyAdvantage,"London, UK",https://stackoverflow.com/jobs/528544
Developer Technology Engineer - Test Automation (C++ / Python / Jenkins),Imagination Technologies,"Kings Langley, UK",https://stackoverflow.com/jobs/543473
"Software-Entwickler / Developer (w/m/d) Java, Python, UiPath - Operation Support",Daimler Group Services Berlin,"Berlin, Deutschland",https://stackoverflow.com/jobs/566052
(Senior) Python Developer (m/f/d),tribe29 GmbH,"München, Deutschland",https://stackoverflow.com/jobs/526671
"Senior Python Software Developer (m/f/d) @ our Partner ADSPERT (Berlin, remote)",solute GmbH,"Berlin, Deutschland",https://stackoverflow.com/jobs/547853
"IoT / Java, Python Entwickler (w/m/d) - bundesweit & Homeoffice",objective partner AG,"Weinheim, Deutschland",https://stackoverflow.com/jobs/550882
Lead/Expert Senior Python Engineer,Steeprock Inc,No office location,https://stackoverflow.com/jobs/565700
"3D Pipeline Engineer (Python, Blender)",Geomagical Labs,"Mountain View, CA",https://stackoverflow.com/jobs/565737
"Python Software Engineer (Linux, Security)",diconium group,"Stuttgart, Deutschland",https://stackoverflow.com/jobs/556429
"Junior IoT Developer (M/W/D) Python, C++",VISPIRON CHARGE-V GmbH,"München, Deutschland",https://stackoverflow.com/jobs/548810
Administrator / Systembetreuer Python (w/m/d),energy & meteo systems GmbH,"Oldenburg, Deutschland",https://stackoverflow.com/jobs/565266
Lead Software Engineer - Python Focus Big Loop Systems (m/f/d),CARIAD,"Ingolstadt, Germany",https://stackoverflow.com/jobs/547925
"Back End Engineer (Python, AWS)",Modus Create,No office location,https://stackoverflow.com/jobs/560131
Frontend React.js Developer (Remote),Soshace LLC,No office location,https://stackoverflow.com/jobs/561825
Node.js Developer (Remote),Soshace LLC,No office location,https://stackoverflow.com/jobs/561826
Cloud Automation Engineer,tribe29 GmbH,"München, Deutschland",https://stackoverflow.com/jobs/547843
Analyste solution/ Chef de projet déploiement Smart O&M (H/F),ENGIE Digital,"Paris, France",https://stackoverflow.com/jobs/548602
DevOps Engineer with interesting scale up challenges,Channable,"Utrecht, Netherlands",https://stackoverflow.com/jobs/500253
Product Owner Smart O&M (H/F),ENGIE Digital,"Paris, France",https://stackoverflow.com/jobs/554454
QA Analyst (H/F),ENGIE Digital,"Paris, France",https://stackoverflow.com/jobs/528279
"Arista Networks is hiring Front End Engineer for Dublin office(JS, React+Redux)","Arista Networks, Inc","Dublin, Ireland",https://stackoverflow.com/jobs/482910
Senior Full-stack Web Developer,F-Secure,"Poznań, Poland",https://stackoverflow.com/jobs/526479
Senior Full-stack Web Developer,F-Secure,"Basingstoke, UK",https://stackoverflow.com/jobs/535566
Experienced Front-end Developer,F-Secure,"Helsinki, Finland",https://stackoverflow.com/jobs/552301
iOS Developers,F-Secure,"Helsinki, Finland",https://stackoverflow.com/jobs/552307
Android Developer,F-Secure,"Helsinki, Finland",https://stackoverflow.com/jobs/552308
Senior Data Scientist / Data Engineer,F-Secure,"Poznań, Poland",https://stackoverflow.com/jobs/538605
Penetration Tester - Cyber Security,F-Secure,"London, UK",https://stackoverflow.com/jobs/554863
Senior iOS Developer,Marks & Spencer,"London, UK",https://stackoverflow.com/jobs/530984
Full-Stack Software Engineer,Marks & Spencer,"London, UK",https://stackoverflow.com/jobs/530982
Senior Android Developer,Marks & Spencer,"London, UK",https://stackoverflow.com/jobs/530799
Full-stack web developer (in biodiversity informatics),INBO - Research Institute for Nature and Forest,"Brussels, Belgium",https://stackoverflow.com/jobs/565883
Full-Stack Senior Developer,AudioValley,"Paris, France",https://stackoverflow.com/jobs/566062
"Software Engineer, Backend",SmartNews,"Shibuya City, Japan",https://stackoverflow.com/jobs/208334
Software Engineer,Slimmer AI,"Amsterdam, Netherlands",https://stackoverflow.com/jobs/552562
Senior Backend Engineer,Leaf Logistics,No office location,https://stackoverflow.com/jobs/201671
Women in Tech - all levels - at sustainable start-up (f/x) - Munich or Remote,FINN,No office location,https://stackoverflow.com/jobs/565648
"Software Developers for our offices in Berlin, Hamburg, Göttingen or Abingdon",Evotec SE,"Hamburg, Germany",https://stackoverflow.com/jobs/524299
Staff Software Engineer,BillionToOne,"Menlo Park, CA",https://stackoverflow.com/jobs/565619
Software Engineer (Java),Rakuten,"Setagaya City, Japan",https://stackoverflow.com/jobs/566069
"Software Engineer, Backend",SmartNews,"Shibuya City, Japan",https://stackoverflow.com/jobs/208334
Software Engineer - Full Stack,UPowr Pty Ltd,"Sydney, Australia",https://stackoverflow.com/jobs/501250
Software Engineer (JS/Node.js),RBW ConsultingviaRBW Consulting,"Boston, MA",https://stackoverflow.com/jobs/565944
Software Engineer,Slimmer AI,"Amsterdam, Netherlands",https://stackoverflow.com/jobs/552562
Software Engineer - Backend (d/f/m),Stylight,"München, Deutschland",https://stackoverflow.com/jobs/566055
Fully Remote Senior or Staff Software Engineer - Platform9,Platform9viaSource Coders,"Mountain View, CA",https://stackoverflow.com/jobs/565834
Backend Developer,Octopus Energy,"London, UK",https://stackoverflow.com/jobs/197943
Full-Stack Technical Lead,SSENSE,"Austin, TX",https://stackoverflow.com/jobs/521737
VP Engineering at sustainable start-up (m/f/x) - Brazil/Latin America (Remote),FINN,"München, Germany",https://stackoverflow.com/jobs/445056
(Senior) Backend Engineer at sustainable start-up (m/f/x) - Munich or Remote,FINN,"München, Germany",https://stackoverflow.com/jobs/331741
Backend Developer - APIs Team,Octopus Energy,"London, UK",https://stackoverflow.com/jobs/533658
Backend Developer (Node.js),RBW ConsultingviaRBW Consulting,"Boston, MA",https://stackoverflow.com/jobs/565674
React Front End Developer,"Daupler, Inc.","Kansas City, MO",https://stackoverflow.com/jobs/523351
Senior Full Stack Software Engineer,kaliber.ai,"San Francisco, CA",https://stackoverflow.com/jobs/251476
"Full Stack Software Engineer, Business Integrity",ByteDance,Singapore,https://stackoverflow.com/jobs/553099
Full-Stack Technical Lead,SSENSE,"Montreal, QC, Canada",https://stackoverflow.com/jobs/521742
Senior Software Developer (Full Stack),Jewel Paymentech Pte Ltd,Singapore,https://stackoverflow.com/jobs/534474
Backend Software Engineer - SDVI Rally Core,SDVI,No office location,https://stackoverflow.com/jobs/451625
Backend Engineer/ Working Student (m/f/d),Motius GmbH,"München, Deutschland",https://stackoverflow.com/jobs/565857
Backend Software Engineer,Armored Things,"Boston, MA",https://stackoverflow.com/jobs/322319
Senior Full Stack PHP Engineer (all genders),Goodgame Studios,"Hamburg, Deutschland",https://stackoverflow.com/jobs/566009
Tech Lead Engineering at sustainable start-up (m/f/x) - Munich/New York/Remote,FINN,"München, Germany",https://stackoverflow.com/jobs/541678
Web Engineer,Signal AI,"London, UK",https://stackoverflow.com/jobs/273615
Women in Tech - all levels - at sustainable start-up (f/x) - Munich or Remote,FINN,No office location,https://stackoverflow.com/jobs/565648
Backend Software Engineer - SDVI Rally Core,SDVI,No office location,https://stackoverflow.com/jobs/451625
Lead Data Scientist,Singapore Innovate Pte. Ltd,Singapore,https://stackoverflow.com/jobs/565885
Backend Engineer/ Working Student (m/f/d),Motius GmbH,"München, Deutschland",https://stackoverflow.com/jobs/565857
"Backend Engineer, Markets",TradeBlock,"New York, NY",https://stackoverflow.com/jobs/559193
Backend Software Engineer,Armored Things,"Boston, MA",https://stackoverflow.com/jobs/322319
Senior Full Stack PHP Engineer (all genders),Goodgame Studios,"Hamburg, Deutschland",https://stackoverflow.com/jobs/566009
Research Software Engineer - HPC (f/m/x),Helmholtz-Zentrum für Umweltforschung GmbH - UFZ,"Leipzig, Deutschland",https://stackoverflow.com/jobs/561021
"Full-Stack Developer, Research & Development",Houston Astros Baseball R&D,"Houston, TX",https://stackoverflow.com/jobs/536288
"Frontend Software Engineer, Business Integrity",ByteDance,Singapore,https://stackoverflow.com/jobs/553035
Full-Stack Software Engineer (C# + .NET 6 / React + Typescript) (f/m/d),HeidelbergCement AG,"Heidelberg, Deutschland",https://stackoverflow.com/jobs/559624
"Software Engineer, Backend (EMEA)",Hotjar,No office location,https://stackoverflow.com/jobs/565839
C++ Software Engineer (100% remote),Percona Staffing LLC,No office location,https://stackoverflow.com/jobs/565985
Fully Remote Senior Software Engineer (Cloud Platform Team) - MariaDB,MariaDBviaSource Coders,No office location,https://stackoverflow.com/jobs/565955
Software Engineer (m/w/d) IoT,Schuler Pressen GmbH,"Göppingen, Deutschland",https://stackoverflow.com/jobs/562572
Senior Backend Architect (m/f/d),Motius GmbH,"München, Deutschland",https://stackoverflow.com/jobs/565858
Senior Full Stack Developer,Motosumo ApS,"Herlev, Denmark",https://stackoverflow.com/jobs/565886
Business Intelligence Engineer (all genders),asgoodasnew electronics GmbH,"Berlin, Deutschland",https://stackoverflow.com/jobs/565661
Senior Software Engineer - Full-Stack,Blend HRM Inc,"Burlingame, CA",https://stackoverflow.com/jobs/530162
Remote Fullstack Entwicklerin (m/w/d),Ambient,"Köln, Deutschland",https://stackoverflow.com/jobs/552969
Software Engineer - Build the next generation of AI platform,Signal AI,"London, UK",https://stackoverflow.com/jobs/246027
Software Engineer (Monitoring System) - Working in Japan,LINE Fukuoka,"Fukuoka, Japan",https://stackoverflow.com/jobs/273841
"Backend Software Engineer, DevOps",Avature,No office location,https://stackoverflow.com/jobs/565332
Software Engineer (Monitoring System) - Working in Japan,LINE Fukuoka,"Fukuoka, Japan",https://stackoverflow.com/jobs/273841
Backend Engineer,Passio Inc.,No office location,https://stackoverflow.com/jobs/555177
"Backend Engineer, Markets",TradeBlock,"New York, NY",https://stackoverflow.com/jobs/559193
Backend Software Engineer,Armored Things,"Boston, MA",https://stackoverflow.com/jobs/322319
Full Stack Web Developer (m/w/d),solute GmbH,"Karlsruhe, Deutschland",https://stackoverflow.com/jobs/556141
Senior Software Engineer - App Store APIs,Canonical,No office location,https://stackoverflow.com/jobs/551466
Research Software Engineer - HPC (f/m/x),Helmholtz-Zentrum für Umweltforschung GmbH - UFZ,"Leipzig, Deutschland",https://stackoverflow.com/jobs/561021
"Full-Stack Developer, Research & Development",Houston Astros Baseball R&D,"Houston, TX",https://stackoverflow.com/jobs/536288
"Softwarearchitekt Digitale Signalverarbeitung, Software Defined Radio (m/w/d)",Rheinmetall,"Bremen, Deutschland",https://stackoverflow.com/jobs/560043
Front End Software Engineer – HPC Products,DUG Technology,"West Perth, Australia",https://stackoverflow.com/jobs/528137
Software Engineer (m/w/d) IoT – Schwerpunkt Stream Analytics,Schuler Pressen GmbH,"Göppingen, Deutschland",https://stackoverflow.com/jobs/562571
Software Engineer (Migration),Odoo,"San Francisco, CA",https://stackoverflow.com/jobs/472407
"Software Engineer, Backend (EMEA)",Hotjar,No office location,https://stackoverflow.com/jobs/565839
C++ Software Engineer (100% remote),Percona Staffing LLC,No office location,https://stackoverflow.com/jobs/565985
Software Engineer (m/w/d) IoT,Schuler Pressen GmbH,"Göppingen, Deutschland",https://stackoverflow.com/jobs/562572
Senior Backend Engineer,Omnivore Technologies,No office location,https://stackoverflow.com/jobs/558774
Business Intelligence Engineer (all genders),asgoodasnew electronics GmbH,"Berlin, Deutschland",https://stackoverflow.com/jobs/565661
"Senior Software Engineer – AWS, NodeJS, Serverless",LifeOmic,"Indianapolis, IN",https://stackoverflow.com/jobs/519002
Full-Stack Engineer - (Neo4j Aura),Neo4j,"London, UK",https://stackoverflow.com/jobs/435690
Software Engineer Frontend/Fullstack - Media & Services Hub (m/f/d),HolidayCheck Group AG,"München, Deutschland",https://stackoverflow.com/jobs/559404
Senior Backend Developer,ReviewPro / ReviewRank,"Barcelona, Spain",https://stackoverflow.com/jobs/554865
Remote Fullstack Entwicklerin (m/w/d),Ambient,"Köln, Deutschland",https://stackoverflow.com/jobs/552969
SOFTWARE CRAFT(WO)MAN Java et/ou JS,Arolla,"Paris, France",https://stackoverflow.com/jobs/496545
(Senior) Backend Developer (f/m/d) Big Data,ADITION technologies AG,"Freiburg im Breisgau, Deutschland",https://stackoverflow.com/jobs/304655
Senior Software Engineer - Full-Stack,Blend HRM Inc,"Burlingame, CA",https://stackoverflow.com/jobs/530162
Full Stack Developer (m/f/d) – Product Team,Boehringer Ingelheim,"Wien, Österreich",https://stackoverflow.com/jobs/566017
"Senior Software Engineer, Backend - Landscape",Canonical,No office location,https://stackoverflow.com/jobs/551337
(Senior) Android Software Developer - Munich,Paradox Cat GmbH,"München, Deutschland",https://stackoverflow.com/jobs/181583
"Full Stack Developer, Automation Engine",Elisa Polystar,"Helsinki, Finland",https://stackoverflow.com/jobs/558730
Forensic Software/Web Developer (Entry and Mid Levels) - OCONUS Deployable,"Cipher Tech Solutions, Inc","Tampa, FL",https://stackoverflow.com/jobs/562286
Software Developer / IT Specialist for the Research Infrastructure at our PETRA,Helmholtz Zentrum Geesthacht (HZG),"Hamburg, Deutschland",https://stackoverflow.com/jobs/561270
"Backend Software Engineer, Video Infrastructure",ByteDance,Singapore,https://stackoverflow.com/jobs/547751
Software Development Engineer in Test,Intel Corporation,"Bengaluru, India",https://stackoverflow.com/jobs/539336
Senior Software Engineer,The Orchard,"London, UK",https://stackoverflow.com/jobs/543310
Senior Backend Developer - Paylater,Unzer GmbH,"Frankfurt, Germany",https://stackoverflow.com/jobs/536785
Software Engineer (Java) - Manufacturing SaaS,Plex Systems,"Troy, MI",https://stackoverflow.com/jobs/565861
Lead Full-Stack Software Engineer (Tech Lead) (f/m/d),HeidelbergCement AG,"Heidelberg, Deutschland",https://stackoverflow.com/jobs/557326
System Engineer (f/m/d) Kubernetes,ADITION technologies AG,"Freiburg im Breisgau, Deutschland",https://stackoverflow.com/jobs/525462
Werkstudent Software Engineering Data & ML (m/w/d),QuantCo,"Karlsruhe, Deutschland",https://stackoverflow.com/jobs/328986
Senior Front-end Developer,Marketer Technologies AS,"Oslo, Norway",https://stackoverflow.com/jobs/541502
Kubernetes Administrator,CYBERTEC PostgreSQL International GmbH,No office location,https://stackoverflow.com/jobs/558995
"Senior Software Engineer, Backend",Jelli,"San Mateo, CA",https://stackoverflow.com/jobs/494587
"Senior Developer for Cloud Technologies (Kafka, Flink, Terraform)",reeeliance IM GmbH,"Hamburg, Deutschland",https://stackoverflow.com/jobs/517848
Senior Full Stack Engineer at Leading Education Company,Tynker,No office location,https://stackoverflow.com/jobs/494562
(Senior) Software Engineer (Java and Golang) (SF Tech)(f/m/d),Delivery Hero SE,"Berlin, Germany",https://stackoverflow.com/jobs/560702
Senior Backend Engineer,Pollen,"London, UK",https://stackoverflow.com/jobs/522622
Backend Software Engineer - Trust and Safety Engineering,ByteDance,Singapore,https://stackoverflow.com/jobs/546396
Backend Engineer - Partner API,Runtastic,"Vienna, Austria",https://stackoverflow.com/jobs/507680
Developer (Focus Backend) who loves to work on the Green Energy Transformation,HYDROGRID GmbH,"Vienna, Austria",https://stackoverflow.com/jobs/562576
Software Engineer in Test,Esri,"Redlands, CA",https://stackoverflow.com/jobs/561053
Software Entwickler (m/w/d),NOVOMATIC AG,"Gumpoldskirchen, Österreich",https://stackoverflow.com/jobs/554829
Staff Site Reliability Engineer,McD Tech Labs,"Mountain View, CA",https://stackoverflow.com/jobs/534770
(Senior) Software Engineer (Java and Golang) (SF Tech)(f/m/d),Delivery Hero SE,"Berlin, Germany",https://stackoverflow.com/jobs/560702
Senior Backend Engineer,Pollen,"London, UK",https://stackoverflow.com/jobs/522622
Full Stack Developer (m/f/d) – Product Team,Boehringer Ingelheim,"Wien, Österreich",https://stackoverflow.com/jobs/566017
Backend Software Engineer - Trust and Safety Engineering,ByteDance,Singapore,https://stackoverflow.com/jobs/546396
Developer (Focus Backend) who loves to work on the Green Energy Transformation,HYDROGRID GmbH,"Vienna, Austria",https://stackoverflow.com/jobs/562576
Senior Full Stack Engineer at Leading Education Company,Tynker,No office location,https://stackoverflow.com/jobs/494562
"Backend Engineer, Markets",TradeBlock,"New York, NY",https://stackoverflow.com/jobs/559193
(Junior) Data Engineer (m/f/x) onsite or remote (in Germany),Scalable Capital GmbH,"München, Deutschland",https://stackoverflow.com/jobs/516327
"Backend Tech Lead, Customer Service Platform",ByteDance,Singapore,https://stackoverflow.com/jobs/546681
"Software Engineering, Analyst",MUFG,"Charlotte, NC",https://stackoverflow.com/jobs/559440
(Senior) Backend Engineer (m/w/d) - Trufa,Deloitte Deutschland,"Düsseldorf, Deutschland",https://stackoverflow.com/jobs/545254
Backend Engineer - Partner API,Runtastic,"Vienna, Austria",https://stackoverflow.com/jobs/507680
Software Integration AI Engineer,Intel Corporation,"George Town, Malaysia",https://stackoverflow.com/jobs/552554
Software Engineer in Test,Esri,"Redlands, CA",https://stackoverflow.com/jobs/561053
Senior Full-Stack Engineer,Gorgias,No office location,https://stackoverflow.com/jobs/551752
System Engineer (m/w/d) Kubernetes/OpenShift,German Edge Cloud GmbH & Co. KG,"Limburg an der Lahn, Deutschland",https://stackoverflow.com/jobs/539732
Senior Backend Engineer (Go),Bigblue,"Paris, France",https://stackoverflow.com/jobs/505290
Software Engineer (d/f/m),Stylight,"München, Deutschland",https://stackoverflow.com/jobs/560067
System Architect,Tucows,No office location,https://stackoverflow.com/jobs/560728
Software Architect Lead,WeLab Bank Limited,Hong Kong,https://stackoverflow.com/jobs/565713
Experienced Backend Engineer - Java,"TheoremOne, LLC",No office location,https://stackoverflow.com/jobs/566085
"Software Engineer, Infrastructure, Education",Chan Zuckerberg Initiative,"Redwood City, CA",https://stackoverflow.com/jobs/565977
Senior Software Engineer,Avature,No office location,https://stackoverflow.com/jobs/565333
Software Engineering Manager,iptiQ by Swiss Re,"Hoofddorp, Netherlands",https://stackoverflow.com/jobs/472051
Senior DevOps Engineer (m/f/d) for Supply Chain Cloud Solutions,SupplyOn AG,"Dresden, Deutschland",https://stackoverflow.com/jobs/513203
Deep Learning Software Engineer (media software),Intel Corporation,"Bengaluru, India",https://stackoverflow.com/jobs/539260
"Software Engineer, Speech & Audio",ByteDance,Singapore,https://stackoverflow.com/jobs/553106
Software Integration AI Engineer,Intel Corporation,"George Town, Malaysia",https://stackoverflow.com/jobs/552554
Senior Backend Engineer,Omnivore Technologies,No office location,https://stackoverflow.com/jobs/558774
C++ Software Engineer,"Old Mission Capital, LLC","Chicago, IL",https://stackoverflow.com/jobs/528806
Software Engineer (d/f/m),Stylight,"München, Deutschland",https://stackoverflow.com/jobs/560067
Senior Backend Engineer @ Number One Safety App In the World,Citizen,No office location,https://stackoverflow.com/jobs/499674
Software Engineer – React,LifeOmic,"Indianapolis, IN",https://stackoverflow.com/jobs/519007
Software Engineer Frontend/Fullstack - Media & Services Hub (m/f/d),HolidayCheck Group AG,"München, Deutschland",https://stackoverflow.com/jobs/559404
"Senior Software Engineer – AWS, NodeJS, Serverless",LifeOmic,"Indianapolis, IN",https://stackoverflow.com/jobs/519002
Java Software Engineer,IMC Trading,"Amsterdam, Netherlands",https://stackoverflow.com/jobs/122570
Senior Front End developer,Apicbase Belgium,No office location,https://stackoverflow.com/jobs/526988
"Staff Software Engineer, Applied AI",McD Tech Labs,"Mountain View, CA",https://stackoverflow.com/jobs/523807
Full-Stack Developer,OSL,Singapore,https://stackoverflow.com/jobs/495720
Senior Software Engineer (Backend),VIZIO,"Denver, CO",https://stackoverflow.com/jobs/538648
Sr. Software Engineer - PHP - Contractor,DIGARC,No office location,https://stackoverflow.com/jobs/521882
Software Engineer IoT (m/w/d),Stadtwerke München GmbH,"München, Deutschland",https://stackoverflow.com/jobs/516781
(Senior) Backend Developer (f/m/d) Big Data,ADITION technologies AG,"Freiburg im Breisgau, Deutschland",https://stackoverflow.com/jobs/304655
Fullstack Developer (m/w/d),German Edge Cloud GmbH & Co. KG,"Limburg an der Lahn, Deutschland",https://stackoverflow.com/jobs/539736
Senior Software Engineer - tripleup.com,Triple for Numo,"Pittsburgh, PA",https://stackoverflow.com/jobs/545291
Full Stack Engineer,Odoo,"Buffalo, NY",https://stackoverflow.com/jobs/558069
Backend Engineer - Tradeshift Engage,Tradeshift,"Aarhus, Denmark",https://stackoverflow.com/jobs/526909
Back-End Software Engineer,HENNGE K.K.,"Tokyo, Japan",https://stackoverflow.com/jobs/380985
Full Stack Developer,Catawiki,"Amsterdam, Netherlands",https://stackoverflow.com/jobs/551189
Senior Machine Learning Engineer - OPEN TO REMOTE,The RealReal,"San Francisco, CA",https://stackoverflow.com/jobs/557022
"Senior Software Developer/Team Leader in Berlin, Hamburg, Göttingen or Abingdon",Evotec SE,"Berlin, Germany",https://stackoverflow.com/jobs/550234
Software Engineer (Migration),Odoo,"San Francisco, CA",https://stackoverflow.com/jobs/472407
"Engineering Manager, Full Stack - Cisco Meraki - Fully Remote or San Francisco",Cisco MerakiviaSource Coders,No office location,https://stackoverflow.com/jobs/565709
"Senior Software Engineer, Language",McD Tech Labs,"Mountain View, CA",https://stackoverflow.com/jobs/523798
Senior Software Engineer,Linewize by Family Zone,"Abbotsford, Australia",https://stackoverflow.com/jobs/551649
"Softwarearchitekt Digitale Signalverarbeitung, Software Defined Radio (m/w/d)",Rheinmetall,"Bremen, Deutschland",https://stackoverflow.com/jobs/560043
Senior Software Engineer,Avature,No office location,https://stackoverflow.com/jobs/565333
Junior Software Engineer,Akselos S.A.,"Ho Chi Minh City, Vietnam",https://stackoverflow.com/jobs/411389
Senior DevOps Engineer (m/f/d) for Supply Chain Cloud Solutions,SupplyOn AG,"Dresden, Deutschland",https://stackoverflow.com/jobs/513203
Deep Learning Software Engineer (media software),Intel Corporation,"Bengaluru, India",https://stackoverflow.com/jobs/539260
DevOps- Engineer (m/w/d),Volume Graphics GmbH,"Heidelberg, Deutschland",https://stackoverflow.com/jobs/545615
Senior Solutions Engineer - AWS,Capital Group,"Irvine, CA",https://stackoverflow.com/jobs/538629
"Software Engineer, Speech & Audio",ByteDance,Singapore,https://stackoverflow.com/jobs/553106
Senior Backend Engineer,Omnivore Technologies,No office location,https://stackoverflow.com/jobs/558774
Data Engineer,McD Tech Labs,"Mountain View, CA",https://stackoverflow.com/jobs/523793
Full Stack Engineer (React & Django),Sector Labs,"Cluj-Napoca, Romania",https://stackoverflow.com/jobs/518486
Senior Backend Engineer @ Number One Safety App In the World,Citizen,No office location,https://stackoverflow.com/jobs/499674
"Algorithm Engineer, Enterprise Partnership & Solutions",ByteDance,Singapore,https://stackoverflow.com/jobs/523517
Technical Support Engineer,Odoo,"San Francisco, CA",https://stackoverflow.com/jobs/558070
Senior Flink/Druid Software Engineer,Genesys,No office location,https://stackoverflow.com/jobs/547941
"Senior Data Engineer, Education",Chan Zuckerberg Initiative,"Redwood City, CA",https://stackoverflow.com/jobs/565328
Software Engineer for observation devices (f/m),Safran Vectronix AG,"Heerbrugg, Switzerland",https://stackoverflow.com/jobs/507270
Software Engineer Frontend/Fullstack - Media & Services Hub (m/f/d),HolidayCheck Group AG,"München, Deutschland",https://stackoverflow.com/jobs/559404
Jr. Software Engineer,FieldRoutes,No office location,https://stackoverflow.com/jobs/560734
Back-End Software Engineer,HENNGE K.K.,"Tokyo, Japan",https://stackoverflow.com/jobs/380985
Site Reliability Engineer,Zattoo,"Berlin, Germany",https://stackoverflow.com/jobs/565748
Data Engineer for Insurtech Startup,iptiQ by Swiss Re,"Hoofddorp, Netherlands",https://stackoverflow.com/jobs/471200
Data Engineer,AudioValley,"Anderlecht, Belgium",https://stackoverflow.com/jobs/559308
Software Development Engineer in Test,SDVI,No office location,https://stackoverflow.com/jobs/219487
Software-Entwickler Web-Techologie (m/w/d),PLATO AG,"Dortmund, Deutschland",https://stackoverflow.com/jobs/564535
Platform Engineer,"The Constant Company, LLC Creator of Vultr","West Palm Beach, FL",https://stackoverflow.com/jobs/565946
Fullstack Engineers – Sokos.fi and Prisma.fi,Suomen Osuuskauppojen Keskuskunta (SOK),"Helsinki, Finland",https://stackoverflow.com/jobs/565889
Solutions Architect | Senior Consultant | DevOps | Remote,Copado Strategic Services,No office location,https://stackoverflow.com/jobs/517847
Senior Test Automation Engineer (f/m/d),Evotec SE,"Göttingen, Germany",https://stackoverflow.com/jobs/561035
"Senior Manager of Software Engineering, Data Platform (Remote Eligible)",Flyr Inc,"Los Angeles, CA",https://stackoverflow.com/jobs/530715
Javascript Developer (React.js/Node.js),Imaginary Cloud,No office location,https://stackoverflow.com/jobs/565960
"Backend Tech Lead, Customer Service Platform",ByteDance,Singapore,https://stackoverflow.com/jobs/553813
"Engineering Manager, Full Stack - Cisco Meraki - Fully Remote or San Francisco",Cisco MerakiviaSource Coders,No office location,https://stackoverflow.com/jobs/565709
Cloud Engineer Linux,team.blue NL B.V.,"Rotterdam, Netherlands",https://stackoverflow.com/jobs/523426
Senior DevOps Engineer (Remote),Slido,No office location,https://stackoverflow.com/jobs/519933
Senior Software Engineer,Stardog Union,No office location,https://stackoverflow.com/jobs/521448
Senior .Net Engineer,Pinnacle Solutions Group,"Charlotte, NC",https://stackoverflow.com/jobs/546564
Software-Entwickler (m/w/d),innoventis GmbH,"Würzburg, Deutschland",https://stackoverflow.com/jobs/561812
Staff Software Engineer C++ focus Intelligent Data Aggregation (m/f/d),CARIAD,"Wolfsburg, Germany",https://stackoverflow.com/jobs/547934
Senior Systems Engineer,Quantcast,"London, UK",https://stackoverflow.com/jobs/513340
Full Stack Engineer,Zattoo,"Berlin, Germany",https://stackoverflow.com/jobs/565749
Senior Software Engineer,Administrate,"Edinburgh, UK",https://stackoverflow.com/jobs/522939
Software Development Engineer in Test,Intel Corporation,"Bengaluru, India",https://stackoverflow.com/jobs/539336
Software Engineering Manager,iptiQ by Swiss Re,"Hoofddorp, Netherlands",https://stackoverflow.com/jobs/472051
Software Engineer IoT (m/w/d),Stadtwerke München GmbH,"München, Deutschland",https://stackoverflow.com/jobs/516781
"Testing Software Engineer, TikTok e-Commerce",ByteDance,Singapore,https://stackoverflow.com/jobs/533132
Software Engineer - Networking Applications,Intel Corporation,"Bengaluru, India",https://stackoverflow.com/jobs/539242
"Senior Software Engineer, Trust, Education",Chan Zuckerberg Initiative,"Redwood City, CA",https://stackoverflow.com/jobs/537679
Senior Front-End Developer,Alfi Inc.,"Denver, CO",https://stackoverflow.com/jobs/519794
Senior Software Engineer - tripleup.com,Triple for Numo,"Pittsburgh, PA",https://stackoverflow.com/jobs/545291
Senior Software Engineer | Cryptocurrency trading | C++/Rust,BlockTech,"Amsterdam, Netherlands",https://stackoverflow.com/jobs/501179
DevSecOps Consultant,Ensign InfoSecurity (Cybersecurity) Pte Ltd,Singapore,https://stackoverflow.com/jobs/534274
Applied Researcher 1 - Ads,eBay,"San Francisco, CA",https://stackoverflow.com/jobs/566005
DevOps Engineer (Remote),Eterlast,"Barcelona, Spain",https://stackoverflow.com/jobs/563090
Senior QA Automation Engineer,Alfi Inc.,"Denver, CO",https://stackoverflow.com/jobs/520178
Head of Scientific Computing (m/f/div),Max Planck Institute for Neurobiology of Behavior – caesar,"Bonn, Deutschland",https://stackoverflow.com/jobs/566074
Platform Engineer,"The Constant Company, LLC Creator of Vultr","West Palm Beach, FL",https://stackoverflow.com/jobs/565946
"Senior Java Engineer - Consult with great companies, technologies and solutions",Pinnacle Solutions Group,"Charlotte, NC",https://stackoverflow.com/jobs/197952
Senior Data Scientist,komoot,No office location,https://stackoverflow.com/jobs/565788
Senior Data Engineer - Recommendations (f/m/d),Delivery Hero SE,"Berlin, Germany",https://stackoverflow.com/jobs/565991
Back-End Developer (i.e. Node.js),Imaginary Cloud,No office location,https://stackoverflow.com/jobs/565934
Full Stack Engineer,Odoo,"San Francisco, CA",https://stackoverflow.com/jobs/524056
Senior Frontend (TypeScript / React) Engineer (m/f/x),Alasco,"München, Germany",https://stackoverflow.com/jobs/559739
Vacancy: Software Designer,Topic Embedded Systems B.V.,"Best, Netherlands",https://stackoverflow.com/jobs/562656
Software-Entwickler Web-Techologie (m/w/d),PLATO AG,"Dortmund, Deutschland",https://stackoverflow.com/jobs/564535
Experienced Software Engineer,Outschool,No office location,https://stackoverflow.com/jobs/550915
Software Engineer,ASRC Federal,"Moorestown, NJ",https://stackoverflow.com/jobs/501183
Development Operations Engineer (DevSecOps),Cognitive Space,"Houston, TX",https://stackoverflow.com/jobs/561028
SRE / DevOps Engineer - MobileCoin (Unicorn Startup): Cryptocurrency Platform,MobileCoinviaSource Coders,No office location,https://stackoverflow.com/jobs/565874
C Embedded Engineer,SQUAD,"Kyiv, Ukraine",https://stackoverflow.com/jobs/516403
Full Stack Developer,Rakettitiede,"Helsinki, Finland",https://stackoverflow.com/jobs/522743
"Senior Software Engineer, Language",McD Tech Labs,"Mountain View, CA",https://stackoverflow.com/jobs/523798
Software-Entwickler/-innen (m/w/d) als Referentinnen/Referenten,Bundesamt für Verfassungsschutz,"Köln, Deutschland",https://stackoverflow.com/jobs/564679
Senior Data Engineer,StyleSeat,No office location,https://stackoverflow.com/jobs/525037
Senior Solutions Engineer - AWS,Capital Group,"Irvine, CA",https://stackoverflow.com/jobs/538629
Software Engineer - Developer Experience,Catawiki,No office location,https://stackoverflow.com/jobs/527395
Developer Advocate,Supermetrics Oy,"Helsinki, Finland",https://stackoverflow.com/jobs/566093
Cloud Software Performance Engineer,Intel Corporation,"Hillsboro, OR",https://stackoverflow.com/jobs/528554
Software Engineer for observation devices (f/m),Safran Vectronix AG,"Heerbrugg, Switzerland",https://stackoverflow.com/jobs/507270
Senior Software Developer In Test,Jelli,"San Mateo, CA",https://stackoverflow.com/jobs/510882
DevOps Engineer* – Software-Entwicklung für das Fahrzeug-Infotainment,IAV GmbH,"Berlin, Deutschland",https://stackoverflow.com/jobs/562771
QA Engineer – Release Management (all genders),Elinvar GmbH,"Berlin, Germany",https://stackoverflow.com/jobs/566016
Site Reliability Engineer,Altmetric,"London, UK",https://stackoverflow.com/jobs/562550
Senior Software Engineer - Data Lake,Mimecast,"London, UK",https://stackoverflow.com/jobs/558739
Senior Ruby on Rails developer,Marketer Technologies AS,"Oslo, Norway",https://stackoverflow.com/jobs/518196
DevOps- Engineer (m/w/d),Volume Graphics GmbH,"Heidelberg, Deutschland",https://stackoverflow.com/jobs/545615
Machine Learning Engineer (m/f/x),ING Deutschland,"Frankfurt am Main, Deutschland",https://stackoverflow.com/jobs/565982
Software Engineer @ Enveil,Enveil,"Fulton, MD",https://stackoverflow.com/jobs/166432
"Senior Support & Software Engineer, Tokyo (Remote)",Canonical,No office location,https://stackoverflow.com/jobs/534042
Lead Java/Big Data Software Developer,Genesys,No office location,https://stackoverflow.com/jobs/552044
Fullstack Software Engineer (m/w/d),NETZSCH Process Intelligence GmbH,"Selb, Deutschland",https://stackoverflow.com/jobs/565604
Application Support Engineer,Derivco.,"Málaga, Spain",https://stackoverflow.com/jobs/565319
Systemadministrator (w/m/d) für Linux-Server und -Arbeitsplatzrechner,energy & meteo systems GmbH,"Oldenburg, Deutschland",https://stackoverflow.com/jobs/565377
Software Engineer @ Enveil,Enveil,"Fulton, MD",https://stackoverflow.com/jobs/166432
Applications Developer,ASRC Federal,"Moorestown, NJ",https://stackoverflow.com/jobs/500819
Head of Scientific Computing (m/f/div),Max Planck Institute for Neurobiology of Behavior – caesar,"Bonn, Deutschland",https://stackoverflow.com/jobs/566074
Experienced Backend Engineer - Java,"TheoremOne, LLC",No office location,https://stackoverflow.com/jobs/566085
Software Engineer (App team) - Exponea,Bloomreach,No office location,https://stackoverflow.com/jobs/525008
Senior Data Engineer - Recommendations (f/m/d),Delivery Hero SE,"Berlin, Germany",https://stackoverflow.com/jobs/565991
Lead Data Engineer (m/f/x),Scalable Capital GmbH,"München, Deutschland",https://stackoverflow.com/jobs/536037
"Software Engineer, Infrastructure, Education",Chan Zuckerberg Initiative,"Redwood City, CA",https://stackoverflow.com/jobs/565977
Data Scientist - GameIntel - Remote (Europe),GameAnalytics,No office location,https://stackoverflow.com/jobs/565753
Sr Cloud Engineer,RapDev.io,"Boston, MA",https://stackoverflow.com/jobs/565781
QA Tester,Self Decode,No office location,https://stackoverflow.com/jobs/561041
Senior Software Engineer,Intel Corporation,"Bengaluru, India",https://stackoverflow.com/jobs/539300
Software Engineer (HVM),Intel Corporation,"Kulim, Malaysia",https://stackoverflow.com/jobs/538188
Senior React Developer | Contractor | Remote,Copado Strategic Services,No office location,https://stackoverflow.com/jobs/545086
Data Engineer 80-100% (f/m/d),Alpiq,"Olten, Switzerland",https://stackoverflow.com/jobs/545476
Software Test Automation Specialist (m/w/x),ZEISS Group,"München, Deutschland",https://stackoverflow.com/jobs/541069
Software Engineer,ASRC Federal,"Moorestown, NJ",https://stackoverflow.com/jobs/501183
Senior Software Engineer - Linux Engineering,Canonical,No office location,https://stackoverflow.com/jobs/540018
Software Developer (künstliche Intelligenz) - für E-Commerce Agentur in Bremen,hmmh multimediahaus AG,No office location,https://stackoverflow.com/jobs/529059
Senior Software Engineer - Launchpad,Canonical,No office location,https://stackoverflow.com/jobs/530389
Application Support Engineer,Derivco.,"Málaga, Spain",https://stackoverflow.com/jobs/565319
Process Engineering Graduate Intern,Intel Corporation,"Albuquerque, NM",https://stackoverflow.com/jobs/531835
Process Engineering Graduate Intern,Intel Corporation,"Albuquerque, NM",https://stackoverflow.com/jobs/531834
Lead Java/Big Data Software Developer,Genesys,No office location,https://stackoverflow.com/jobs/552044
Senior Software Engineer,Administrate,No office location,https://stackoverflow.com/jobs/522941
각 부문별,컬리,서울 강남구,https://www.indeed.com/viewjob?jk=84329a66291839cd&from=web&vjs=3
[한국필립모리스] 각 부문,한국필립모리스㈜,서울 영등포구,https://www.indeed.com/viewjob?jk=112db0c64f7899b8&from=web&vjs=3
Software Engineer,Google,서울,https://www.indeed.com/viewjob?jk=e7c8c2b11f24fb43&from=web&vjs=3
[인재풀] 아티스트 ART,Electronic Arts,서울,https://www.indeed.com/viewjob?jk=aac8e9355cb855ac&from=web&vjs=3
각 부문별,현대오토에버,서울 강남구,https://www.indeed.com/viewjob?jk=c35e0100a6fa97dd&from=web&vjs=3
주식회사 데이터스트림즈 기술연구소 Python/Java 개발자,데이터스트림즈,성남 분당구,https://www.indeed.com/viewjob?jk=e1f6164f1d03449a&from=web&vjs=3
[카카오커머스] 기술직군,카카오커머스,성남 분당구,https://www.indeed.com/viewjob?jk=2b9e604e63e7e46d&from=web&vjs=3
Software Intern,Maxim Integrated,서울,https://www.indeed.com/viewjob?jk=e11919aa1a40d234&from=web&vjs=3
딥러닝 AI 개발 연구원,베이리스,성남 수정구,https://www.indeed.com/viewjob?jk=87309d3ff40ead61&from=web&vjs=3
Data Scientist,Boston Consulting Group,서울,https://www.indeed.com/viewjob?jk=ccd4f5407a32ba6a&from=web&vjs=3
Jr. Back-end Engineer (Python),Soomgo,서울 강남구,https://www.indeed.com/viewjob?jk=733b814969bff5a7&from=web&vjs=3
"Visual C++, Python 이용한 소프트웨어 개발 및 유지보수가 가능한 인재",유니테코,용인 기흥구,https://www.indeed.com/viewjob?jk=b9499f4d0a5a9c36&from=web&vjs=3
광학솔루션사업부 R&D 신입 석/박사,LG이노텍,경기도 안산,https://www.indeed.com/viewjob?jk=22d44a65a579f52a&from=web&vjs=3
5G R&D 소프트웨어 개발자,Ericsson,서울,https://www.indeed.com/viewjob?jk=df86d9b3c5f1ead7&from=web&vjs=3
Python Programmer,Mofac,서울 서초구,https://www.indeed.com/viewjob?jk=df21e3bb5d773616&from=web&vjs=3
Junior Structural Engineer,SYSTRA,서울,https://www.indeed.com/viewjob?jk=82d47e44be45bb97&from=web&vjs=3
"[TmaxMetaverse/R&D] 게임 엔진, 게임 서버, 메타버스 스튜디오 개발자",티맥스소프트,성남 분당구,https://www.indeed.com/viewjob?jk=b9d4defa6e2b7739&from=web&vjs=3
"빅데이터, 인공지능(AI) 외 신입 인턴",레드테이블,서울 종로구,https://www.indeed.com/viewjob?jk=45b22fa764b0dae9&from=web&vjs=3
[TmaxEdu/R&D] 연구 개발자,티맥스소프트,성남 분당구,https://www.indeed.com/viewjob?jk=cb4eca654b2c2901&from=web&vjs=3
"S/W 엔지니어, 데이터분석 신입/경력 정규직, 인턴",가치랩스,성남 분당구,https://www.indeed.com/viewjob?jk=5ea9ea023c6ccc03&from=web&vjs=3
[대형증권사] IT퀀트 개발자,인코리아 프로페셔널,서울 강남구,https://www.indeed.com/viewjob?jk=72a2585ce058fa09&from=web&vjs=3
ICT 경력사원,현대중공업그룹,성남 분당구,https://www.indeed.com/viewjob?jk=882e071610c0a8cd&from=web&vjs=3
C++ Developer for High Performance Cloud Database,SAP,서울,https://www.indeed.com/viewjob?jk=20c20d5b4ade577d&from=web&vjs=3
Expat: Experimental Physicist Tuning and Monitoring,IMS Nanofabrication,경기도 화성,https://www.indeed.com/viewjob?jk=c5a2d1029018e4ba&from=web&vjs=3
Network Engineer (Linux/Python),KLA,경기도 화성,https://www.indeed.com/viewjob?jk=1bb3ad92965d09e9&from=web&vjs=3
Data Engineer (Python Backend 경력자),드림어스컴퍼니,서울 서초구,https://www.indeed.com/viewjob?jk=13059ac76a29fa54&from=web&vjs=3
"PHP, Python 신입/경력 정규직",비즈부스터,서울 금천구,https://www.indeed.com/viewjob?jk=14d562d10c215572&from=web&vjs=3
"인공지능(AI), Python(응용프로그램 개발자) 외 신입/경력 정규직",쿠노소프트,서울 성북구,https://www.indeed.com/viewjob?jk=8cc372a6b78679b1&from=web&vjs=3
Software Engineer I,ASM,경기도 화성,https://www.indeed.com/viewjob?jk=5d5e2aa027f6e9e3&from=web&vjs=3
데이터 사이언티스트 전문가,LG전자,서울특별시,https://www.indeed.com/viewjob?jk=485252a8f28fa0f8&from=web&vjs=3
서버 개발자 Python(Django) Developer (신입/경력),아테나스랩,서울 마포구,https://www.indeed.com/viewjob?jk=ebd9b7e972f551fc&from=web&vjs=3
[전문연구요원 신규편입/전직] 의료영상/음성인식/생체신호 연구원,뷰노코리아,서울 서초구,https://www.indeed.com/viewjob?jk=40de6a4b81f8724f&from=web&vjs=3
빅데이터 분석 기술인력 (정규직),한국정보기술단,서울 강남구,https://www.indeed.com/viewjob?jk=c793a3ef3425f495&from=web&vjs=3
[외국계 스타트업 미소] Business Analyst,유한회사 미소,서울,https://www.indeed.com/viewjob?jk=51df90967b46e8f0&from=web&vjs=3
자산운용팀 전략/리스크팀 퀀트(겨울방학 인턴),마이퍼스트에셋자산운용,대한민국,https://www.indeed.com/viewjob?jk=872035f47cfd4850&from=web&vjs=3
AI Frameworks Engineer Intern,Intel,서울,https://www.indeed.com/viewjob?jk=8164d5e7100c5968&from=web&vjs=3
2022년 상반기 부문별 공개,슈어소프트테크,서울 강남구,https://www.indeed.com/viewjob?jk=091fcae435f75a05&from=web&vjs=3
Machine Learning R&D 연구원,카이어,서울 서초구,https://www.indeed.com/viewjob?jk=19da3484bd7a72f1&from=web&vjs=3
생명정보학 부문 박사졸 선임연구원 정규직 정규직,카이팜,서울 서대문구,https://www.indeed.com/viewjob?jk=3cd339cf8959f44d&from=web&vjs=3
기술 인턴 인공지능 응용 연구/개발 인턴,써로마인드로보틱스,서울 관악구,https://www.indeed.com/viewjob?jk=71c47ac87bb4087e&from=web&vjs=3
[TmaxAI/R&D] AI & FinTech 부문 프론트엔드 개발자,티맥스소프트,성남 분당구,https://www.indeed.com/viewjob?jk=43835708050a81c8&from=web&vjs=3
WebRTC UC & Collaboration Frontend & Backend Developer,Ericsson,서울,https://www.indeed.com/viewjob?jk=4ea78a5fc824bb1e&from=web&vjs=3
웹 개발자 경력 Java/Php/Javascript/Python/Html/CSS 등 프로젝트 경력자,바이오브레인,대전 서구,https://www.indeed.com/viewjob?jk=941687b6bbb14d81&from=web&vjs=3
[포티투마루] 인공지능(AI) 개발자 전 부문,포티투마루,서울 서초구,https://www.indeed.com/viewjob?jk=22ffe020e40de675&from=web&vjs=3
스크린플랫폼개발팀 웹개발자,카카오브이엑스 (KAKAO VX),성남 분당구,https://www.indeed.com/viewjob?jk=8a6e9cac2fec97be&from=web&vjs=3
"C#, Python 외 신입/경력 정규직",윤슬,대전 대덕구,https://www.indeed.com/viewjob?jk=615237794a40fe5e&from=web&vjs=3
Product Development Engineer,KLA,경기도 화성,https://www.indeed.com/viewjob?jk=59bfeb68f785d534&from=web&vjs=3
Software Engineer,Maxim Integrated,서울,https://www.indeed.com/viewjob?jk=0699e6dbb5a0ec38&from=web&vjs=3
[TmaxAI/R&D] NLP(자연어음성)부문 서비스 프론트 & 백엔드 개발자,티맥스소프트,성남 분당구,https://www.indeed.com/viewjob?jk=5fa942bd615ebd27&from=web&vjs=3
KDI 직원,한국개발연구원,세종특별자치시 세종,https://www.indeed.com/viewjob?jk=c74de92014f38ce0&from=web&vjs=3
"C#, Python 외 신입/경력 정규직",윤슬,대전 대덕구,https://www.indeed.com/viewjob?jk=615237794a40fe5e&from=web&vjs=3
Support Engineer- Developer,Microsoft,서울,https://www.indeed.com/viewjob?jk=f8691758f74c5242&from=web&vjs=3
자동차 전장 Security 분야 전문가,LG전자,서울 강서구,https://www.indeed.com/viewjob?jk=6d389529bece608b&from=web&vjs=3
[인재풀] 아티스트 ART,Electronic Arts,서울,https://www.indeed.com/viewjob?jk=aac8e9355cb855ac&from=web&vjs=3
DGIST 2019년 제1차 계약직원 공개채용 공고,대구경북과학기술원,대구 현풍면,https://www.indeed.com/viewjob?jk=4cd34228af5013fd&from=web&vjs=3
위험관리실 리스크관리 경력직,흥국자산운용,대한민국,https://www.indeed.com/viewjob?jk=cc5921c0abe52874&from=web&vjs=3
인재 Pool 등록,S&I Corp.,대한민국,https://www.indeed.com/viewjob?jk=e29bd57c416ee579&from=web&vjs=3
인공지능 개발자 신입 피아스페이스(주),피아스페이스,대구 달성군,https://www.indeed.com/viewjob?jk=6f3fefc80bbb4648&from=web&vjs=3
Expat: Experimental Physicist Tuning and Monitoring,IMS Nanofabrication,경기도 화성,https://www.indeed.com/viewjob?jk=c5a2d1029018e4ba&from=web&vjs=3
소프트웨어 엔지니어,당근마켓,서울 서초구,https://www.indeed.com/viewjob?jk=bf353e320cf24f99&from=web&vjs=3
Product Test Engineer,NVIDIA,서울,https://www.indeed.com/viewjob?jk=6cfffc13b8a012c3&from=web&vjs=3
[SNOW] 렌더링 엔진 개발자,네이버,서울,https://www.indeed.com/viewjob?jk=cd829f275871114e&from=web&vjs=3
"캠퍼스타운사업단 직원(일반행정,로봇·인공지능 개발) 수정(기간제 계약직)",서울대학교,서울 관악구,https://www.indeed.com/viewjob?jk=bc85e8414a9a9033&from=web&vjs=3
Applications Engineer (Monitoring Applications),National Instruments,서울,https://www.indeed.com/viewjob?jk=78d7329422e955ea&from=web&vjs=3
[TmaxAI/R&D] NLP(자연어음성)부문 서비스 프론트 & 백엔드 개발자,티맥스소프트,성남 분당구,https://www.indeed.com/viewjob?jk=5fa942bd615ebd27&from=web&vjs=3
Sr Technical Support Engineer,HERE Technologies,서울,https://www.indeed.com/viewjob?jk=32b582209ad53166&from=web&vjs=3
[SAPEON Korea] SDK 부문 개발자,사피온코리아,성남 분당구,https://www.indeed.com/viewjob?jk=b6950e35673a5474&from=web&vjs=3
서버 개발자 Python(Django) Developer (신입/경력),아테나스랩,서울 마포구,https://www.indeed.com/viewjob?jk=ebd9b7e972f551fc&from=web&vjs=3
[kt ds]2021년 각 부문별 경력사원 수시,케이티디에스,서울 서초구,https://www.indeed.com/viewjob?jk=ef62b0e22d2dd6a2&from=web&vjs=3
"Senior Data Scientist (Machine Learning, 반도체산업)",Merck KGaA Darmstadt Germany,서울,https://www.indeed.com/viewjob?jk=c79d93526636e256&from=web&vjs=3
운용전략/DataScience팀 퀀트운용역,마이퍼스트에셋자산운용,대한민국,https://www.indeed.com/viewjob?jk=f24743e609f4200b&from=web&vjs=3
AI Framework Engineer,Intel,서울,https://www.indeed.com/viewjob?jk=e6d72616b4dd38f9&from=web&vjs=3
퍼즐데이터 역량있는 데이터 분석가,주식회사퍼즐데이터,서울 역삼동,https://www.indeed.com/viewjob?jk=116009dbf59211ed&from=web&vjs=3
"Customer Solutions Engineer, Global Client and Agency Soluti...",Google,서울,https://www.indeed.com/viewjob?jk=fb8f5764cdbe3c39&from=web&vjs=3
NAVER IDC 서버 운영/관리,NIT Service,춘천 동면,https://www.indeed.com/viewjob?jk=18b288e9021d899f&from=web&vjs=3
"영상처리, 컴퓨터 비전 전문가 (신입/경력)",에바,성남 수정구,https://www.indeed.com/viewjob?jk=2642a83874ea6bab&from=web&vjs=3
Developer - Cloud Infrastructure,SAP,서울,https://www.indeed.com/viewjob?jk=a0c7a150ee54bf18&from=web&vjs=3
현대백화점 H.Point팀 데이터 분석/기획 경력,현대백화점,서울 삼성역,https://www.indeed.com/viewjob?jk=4d08d3e1f1815e21&from=web&vjs=3
Data 분야 경력,LG CNS,서울,https://www.indeed.com/viewjob?jk=6d86e9f32d31c84f&from=web&vjs=3
[실내배송로봇 연구개발] - Computer Vision & Machine learning,로보티즈,서울 강서구,https://www.indeed.com/viewjob?jk=ce00cf0fe3bbd130&from=web&vjs=3
[카카오커머스] 기술직군,카카오커머스,성남 분당구,https://www.indeed.com/viewjob?jk=2b9e604e63e7e46d&from=web&vjs=3
[AI/LAB] 머신러닝 리서치 엔지니어 (전문연구요원 가능),버즈니,서울,https://www.indeed.com/viewjob?jk=bd7907d1248e436d&from=web&vjs=3
[AI/Lab] AI 백엔드 엔지니어 (전문연구요원 가능),버즈니,서울,https://www.indeed.com/viewjob?jk=dbe3257e487e5814&from=web&vjs=3
Field Application Engineer (m/f),벡터코리아아이티,서울 용산구,https://www.indeed.com/viewjob?jk=292a04117f547509&from=web&vjs=3
AI Research Engineer - Intel Contract,Intel,서울,https://www.indeed.com/viewjob?jk=915b6c68628695d6&from=web&vjs=3
Cross Border Ecommerce - Business Intelligence,Shopee,서울,https://www.indeed.com/viewjob?jk=77f04d25d1e4bc3c&from=web&vjs=3
"S/W 엔지니어, 데이터분석 신입/경력 정규직, 인턴",가치랩스,성남 분당구,https://www.indeed.com/viewjob?jk=5ea9ea023c6ccc03&from=web&vjs=3
한화시스템/방산 2021년 한화시스템 방산부문 신사업분야 경력사원,한화시스템,성남 분당구,https://www.indeed.com/viewjob?jk=1fd963b87d62d30a&from=web&vjs=3
여행사업본부 1월 정기 수시채용,교원그룹,서울 을지로2가,https://www.indeed.com/viewjob?jk=4240704581f26166&from=web&vjs=3
"Staff Software Engineer, Maps & Navigation, Seoul, Korea",Tesla,서울,https://www.indeed.com/viewjob?jk=44f16e94e3e6b589&from=web&vjs=3
Machine Learning R&D 연구원,카이어,서울 서초구,https://www.indeed.com/viewjob?jk=19da3484bd7a72f1&from=web&vjs=3
웹개발자 국내 메이저 식품대기업,,서울 강남구,https://www.indeed.com/viewjob?jk=9ad80a2efdc9c3dd&from=web&vjs=3
Python Programmer,Mofac,서울 서초구,https://www.indeed.com/viewjob?jk=df21e3bb5d773616&from=web&vjs=3
Senior Technical Support Engineer - OpenStack,Red Hat Software,서울,https://www.indeed.com/viewjob?jk=69c995de048c51fd&from=web&vjs=3
Business Consultant - Technology,RWS,서울,https://www.indeed.com/viewjob?jk=c896322092980fcd&from=web&vjs=3
AI Software Engineer,GE Appliances,경기도 성남,https://www.indeed.com/viewjob?jk=53fbfe54f327d9dc&from=web&vjs=3
하반기 신입(채용 연계형 인턴) 수시채용,홈앤쇼핑,서울 마곡동,https://www.indeed.com/viewjob?jk=79fb95da6dff4025&from=web&vjs=3
품질 신입 채용,LS메탈,서울 한강로2가,https://www.indeed.com/viewjob?jk=ad9c760fdec88af5&from=web&vjs=3
음성인식 서비스 개발자,씨앤에이아이,서울 성동구,https://www.indeed.com/viewjob?jk=dfa8a9a7dd5bd7d6&from=web&vjs=3
디지털트윈/메타버스 응용프로그램 개발자,벡터시스,용인 수지구,https://www.indeed.com/viewjob?jk=7ef0103ef8ee8ba2&from=web&vjs=3
Network Engineer,에스케이텔레콤,서울 중구,https://www.indeed.com/viewjob?jk=90ad95e46ab20a37&from=web&vjs=3
"[대기업] 딥러닝 (AI, 영상인식) 전문가 (석박사급)",비에이블컨설팅그룹,서울,https://www.indeed.com/viewjob?jk=b9e398dad2b59007&from=web&vjs=3
"Lead Software Engineer, Machine Learning (English)",Google,서울,https://www.indeed.com/viewjob?jk=045c3f7ac2bf61ab&from=web&vjs=3
Cymer Software Engineer,ASML,대한민국,https://www.indeed.com/viewjob?jk=557fe7d3af887a99&from=web&vjs=3
Field Service Engineer Korean Branch,IMS Nanofabrication,경기도 화성,https://www.indeed.com/viewjob?jk=30c7776925c0e629&from=web&vjs=3
"Customer Engineer, Google Cloud Customers",Google,서울,https://www.indeed.com/viewjob?jk=0f1a42c235df87db&from=web&vjs=3
고등광기술연구소 레이저응용시스템연구실 위촉연구원,광주과학기술원,광주 북구,https://www.indeed.com/viewjob?jk=b3d0c09de23b67d0&from=web&vjs=3
추천 시스템 연구/개발,카카오,성남 판교역,https://www.indeed.com/viewjob?jk=be6c1f03fa566f8e&from=web&vjs=3
각 부문별,KIS자산평가,대한민국,https://www.indeed.com/viewjob?jk=f0ad6ff0494d0fc3&from=web&vjs=3
Application Engineer - IP Validation,Siemens,경기도 성남,https://www.indeed.com/viewjob?jk=e25431d3416ea9c3&from=web&vjs=3
Software Engineer - Robotics,Canonical - Jobs,서울,https://www.indeed.com/viewjob?jk=c719ac7a926d4858&from=web&vjs=3
[전액무료] IT취업 JAVA기반 프론트엔드&백엔드 개발 국비교육생,에이콘아카데미,서울 종로구,https://www.indeed.com/viewjob?jk=c5c6ebe82bf299da&from=web&vjs=3
네트워크 모니터링 및 자동화 시스템 개발자 영입,카카오페이,성남 분당구,https://www.indeed.com/viewjob?jk=b965ad2a49e454eb&from=web&vjs=3
"Graduate Software Engineer, Linux-based development",Canonical - Jobs,서울,https://www.indeed.com/viewjob?jk=de4846ca13ae739e&from=web&vjs=3
Sr. Application Engineer - AMS,Siemens,경기도 성남,https://www.indeed.com/viewjob?jk=25d823b03a3113d5&from=web&vjs=3
"[대형증권사] LP/MM 시스템 개발 및 운영,유지보수",인코리아 프로페셔널,서울 강남구,https://www.indeed.com/viewjob?jk=91bddba7f7620d51&from=web&vjs=3
Product Application Engineer,Applied Intuition,서울,https://www.indeed.com/viewjob?jk=108b132346b45d3e&from=web&vjs=3
[SAPEON Korea] SDK 부문 개발자,사피온코리아,성남 분당구,https://www.indeed.com/viewjob?jk=b6950e35673a5474&from=web&vjs=3
Software Engineer,Boston Consulting Group,서울,https://www.indeed.com/viewjob?jk=eff6d38d4767ff87&from=web&vjs=3
이공계 우수인력 희망기업,한국산업기술진흥협회,서울,https://www.indeed.com/viewjob?jk=9720582e65044101&from=web&vjs=3
Field Application Engineer (m/f),벡터코리아아이티,서울 용산구,https://www.indeed.com/viewjob?jk=292a04117f547509&from=web&vjs=3
[실내배송로봇 연구개발] - Computer Vision & Machine learning,로보티즈,서울 강서구,https://www.indeed.com/viewjob?jk=ce00cf0fe3bbd130&from=web&vjs=3
사물인터넷(IoT) 개발자 정규직,큐빅스,경기도 파주,https://www.indeed.com/viewjob?jk=eaa02bda27910226&from=web&vjs=3
[아이브릭스] 기업부설연구소 전문연구요원,아이브릭스,성남 분당구,https://www.indeed.com/viewjob?jk=9adbc290202846e1&from=web&vjs=3
Product Engineer - MPC/MDP/MDM,Siemens,경기도 성남,https://www.indeed.com/viewjob?jk=f317eb960a3ce005&from=web&vjs=3
[더블유게임즈 자회사] 기획/디자인/개발/데이터분석,더블다운인터액티브,서울 강남구,https://www.indeed.com/viewjob?jk=b6eea437d4af95fd&from=web&vjs=3
Junior DevOps Engineer,Luxoft,경기도 성남,https://www.indeed.com/viewjob?jk=779b39e21c9b2dbe&from=web&vjs=3
데이터 전문가(모델러/분석가/엔지니어) 모집,카카오,성남 판교역,https://www.indeed.com/viewjob?jk=ac9068957c550cb3&from=web&vjs=3
AI 연구 개발,NHN,성남 판교역,https://www.indeed.com/viewjob?jk=ef98c82fd130b9e1&from=web&vjs=3
HANA Development Support Engineer,SAP,서울,https://www.indeed.com/viewjob?jk=f28af5089e415287&from=web&vjs=3
[대기업] 클라우드/IoT 플랫폼 개발,비에이블컨설팅그룹,서울,https://www.indeed.com/viewjob?jk=8806cf98af9948de&from=web&vjs=3
"[입사축하금100만원, 전문연구요원] 데이터사이언티스트 / 영상인식 개발자",카비,서울 금천구,https://www.indeed.com/viewjob?jk=87e6d02f116aab21&from=web&vjs=3
Research Engineer,뤼이드,서울 강남구,https://www.indeed.com/viewjob?jk=4d3bbf0f5e96b9a5&from=web&vjs=3
Jr. Back-end Engineer (Node.js),Soomgo,서울 강남구,https://www.indeed.com/viewjob?jk=bc571f1ac6514983&from=web&vjs=3
(주)아이옵스 SAR 위성영상 활용 신입/경력,아이옵스,대전 유성구,https://www.indeed.com/viewjob?jk=dc5a22b689ee9b95&from=web&vjs=3
[NIT Service] 네이버 파이낸셜 플랫폼 운영,엔아이티서비스,성남 분당구,https://www.indeed.com/viewjob?jk=1961a1ecccb03336&from=web&vjs=3
(주)엘솔루 R&D본부 ASR팀 개발직,㈜엘솔루,서울,https://www.indeed.com/viewjob?jk=51d1df9a3cfbe418&from=web&vjs=3
Sr Technical Support Engineer,HERE Technologies,서울,https://www.indeed.com/viewjob?jk=32b582209ad53166&from=web&vjs=3
"[Robotics] Robotics Software Engineer, Navigation",네이버,서울,https://www.indeed.com/viewjob?jk=f21952a2d7a0bfd8&from=web&vjs=3
인공지능 개발자 신입 피아스페이스(주),피아스페이스,대구 달성군,https://www.indeed.com/viewjob?jk=6f3fefc80bbb4648&from=web&vjs=3
"[K디지털 트레이닝] 전액 국비지원 IT취업연계 교육 빅데이터, 인공지능",중앙정보처리학원,서울 마포구,https://www.indeed.com/viewjob?jk=3d1690b2dd2249f8&from=web&vjs=3
상태 검사 기술 연구개발 엔지니어,피레타,대전 유성구,https://www.indeed.com/viewjob?jk=0558738baa7d2ead&from=web&vjs=3
뱅크웨어글로벌(주)·유클릭 연계 과정,한국폴리텍대학분당융합기술교육원,성남 분당구,https://www.indeed.com/viewjob?jk=f22710f9c8c893d3&from=web&vjs=3
Data 분야 경력,LG CNS,서울,https://www.indeed.com/viewjob?jk=6d86e9f32d31c84f&from=web&vjs=3
Embedded Software Engineer - Connected,GE Appliances,경기도 성남,https://www.indeed.com/viewjob?jk=9193b9de45a0ac1c&from=web&vjs=3
데이터 엔지니어 전문가,LG전자,서울특별시,https://www.indeed.com/viewjob?jk=23872d520aa9ead5&from=web&vjs=3
﻿[Synopsys Korea] Training & Hiring Program,서울여자대학교,서울 노원구,https://www.indeed.com/viewjob?jk=35869b81b2eb4594&from=web&vjs=3
AI Framework Engineer,Intel,서울,https://www.indeed.com/viewjob?jk=e6d72616b4dd38f9&from=web&vjs=3
Vocational Training Program Intern (Developer/Researcher Rol...,SAP,서울,https://www.indeed.com/viewjob?jk=8a951dcf7c36065e&from=web&vjs=3
[전문연구요원] 의료영상 리서치 엔지니어 정규직,메디픽셀,서울 마포구,https://www.indeed.com/viewjob?jk=3544467a7b64376f&from=web&vjs=3
Support Engineer- Developer,Microsoft,서울,https://www.indeed.com/viewjob?jk=f8691758f74c5242&from=web&vjs=3
"Engr, Apps Dev 3",KLA,경기도 화성,https://www.indeed.com/viewjob?jk=bc166941018ab5ab&from=web&vjs=3
Senior Data Scientist,Boston Consulting Group,서울,https://www.indeed.com/viewjob?jk=77dfad5a778a94c2&from=web&vjs=3
NAVER Cloud 사내 플랫폼 운영,NIT Service,성남 삼평동,https://www.indeed.com/viewjob?jk=e8004f38042e7d44&from=web&vjs=3
Product Test Engineer,NVIDIA,서울,https://www.indeed.com/viewjob?jk=6cfffc13b8a012c3&from=web&vjs=3
[펜타시큐리티] 보안S/W 개발자 (웹/인증/DB/클라우드),펜타시큐리티시스템,서울 영등포구,https://www.indeed.com/viewjob?jk=6624d0a829db2d49&from=web&vjs=3
Junior Quant Trader,Byzantine Partners,서울,https://www.indeed.com/viewjob?jk=25725b3c0e607311&from=web&vjs=3
한국통계정보원 통계 분야 직원(경력),재단법인 한국통계정보원,대전 서구,https://www.indeed.com/viewjob?jk=3f942ebf840f7acd&from=web&vjs=3
OPWI Systems Engineer for R&D Extension Korea,어플라이드 머티리얼즈 코리아,경기도 화성,https://www.indeed.com/viewjob?jk=01568fb064b8bcff&from=web&vjs=3
네이버 파이낸셜 플랫폼 운영,NIT Service,성남 삼평동,https://www.indeed.com/viewjob?jk=b3a6c83c9debcb92&from=web&vjs=3
AI Research Engineer - Intel Contract,Intel,서울,https://www.indeed.com/viewjob?jk=915b6c68628695d6&from=web&vjs=3
"Cloud AI Engineer, Professional Services",Google,서울,https://www.indeed.com/viewjob?jk=340fa2d2204cf879&from=web&vjs=3
인공지능 솔루션 (AI Solution) 개발,카이어,서울 서초구,https://www.indeed.com/viewjob?jk=891485cc2a8e6779&from=web&vjs=3
"드론솔루션 (임베디드SW, 드론HW, 드론쇼핑몰)",탱고드론,성남 분당구,https://www.indeed.com/viewjob?jk=5b7781d6285056a6&from=web&vjs=3
[유통 대기업] Business Analyst(비지니스분석가) 과차장급,에이치알니즈,서울,https://www.indeed.com/viewjob?jk=0e25160b5a1d095f&from=web&vjs=3
DevSecOps,위메이드엔터테인먼트,성남 분당구,https://www.indeed.com/viewjob?jk=3e9ed1202cddeb4d&from=web&vjs=3
Business Analyst,Numerix Korea Ltd,서울,https://www.indeed.com/viewjob?jk=87985ee884920551&from=web&vjs=3
[엑스퍼넷] 부설연구소 솔루션 지원 개발 신입/경력직,엑스퍼넷,서울 구로구,https://www.indeed.com/viewjob?jk=bdec744b393e0a7a&from=web&vjs=3
Sr. Application Engineer - EBS,Siemens Electronic Design Automation (Korea) LLC,경기도 성남,https://www.indeed.com/viewjob?jk=dfffe1088f829d9b&from=web&vjs=3
Data Engineer,에스케이텔레콤,서울 중구,https://www.indeed.com/viewjob?jk=5ec36537517064d0&from=web&vjs=3
서버개발자(벡앤드) 정규직,오비이랩,서울 강남구,https://www.indeed.com/viewjob?jk=df228c302c3c8f9b&from=web&vjs=3
Data Engineer,오피지지,서울 강남구,https://www.indeed.com/viewjob?jk=fe457b8e789d331c&from=web&vjs=3
모바일 게임 백엔드 프로그래머 신입/경력 정규직,롸이트핸드 엔터테인먼트,서울 서초구,https://www.indeed.com/viewjob?jk=413d20e82e567aff&from=web&vjs=3
Web Front-end 개발자,코그넷나인,서울 서초구,https://www.indeed.com/viewjob?jk=6141229c69b83068&from=web&vjs=3
인공지능 개발자 신입 피아스페이스,피아스페이스,서울 서초구,https://www.indeed.com/viewjob?jk=4079cf2e3dd272f6&from=web&vjs=3
Senior Data Analyst,Electronic Arts,서울,https://www.indeed.com/viewjob?jk=e0c985782b230f96&from=web&vjs=3
침해사고 대응 보안 담당자,NHN,성남 판교역,https://www.indeed.com/viewjob?jk=06d133676285b02e&from=web&vjs=3
PI(Process Innovation) 분야별 경력사원,LG디스플레이,경기도 파주,https://www.indeed.com/viewjob?jk=f647fa002f65828e&from=web&vjs=3
대학경쟁력연구원 연구직계약직원(계약직),아주대학교,수원 영통구,https://www.indeed.com/viewjob?jk=e157aa3d21a2a1be&from=web&vjs=3
"응용소프트웨어 개발자 (BIM, C#, C++, Python, api)",원빔그룹,서울 마포구,https://www.indeed.com/viewjob?jk=eebb55f7bba4110d&from=web&vjs=3
(주)대은계전 기업부설연구소 연구원 (신입가능),대은계전,제주 제주시,https://www.indeed.com/viewjob?jk=efbba2803e24d3e4&from=web&vjs=3
솔루션(웹/서버/통신) 프로그램 개발,잇팩,서울 중구,https://www.indeed.com/viewjob?jk=f384026e8fdd4b35&from=web&vjs=3
(주)웨이브웨어 2021 년도 신입사원 (프로그래머),웨이브웨어,대전 유성구,https://www.indeed.com/viewjob?jk=68d62221f2d26c0e&from=web&vjs=3
제1차 Post-doc,녹색기술센터,서울 중구,https://www.indeed.com/viewjob?jk=951f028ef29fec91&from=web&vjs=3
위험관리실 리스크관리 경력직,흥국자산운용,대한민국,https://www.indeed.com/viewjob?jk=cc5921c0abe52874&from=web&vjs=3
Data Engineer-Eng,뤼이드,서울 강남구,https://www.indeed.com/viewjob?jk=4389736e058f4f69&from=web&vjs=3
CS LEAN D&A(Digitalization & Automation) expert,에이에스엠엘코리아,경기도 화성,https://www.indeed.com/viewjob?jk=b131e4e5c5d35ea0&from=web&vjs=3
"토탈제어시스템, 임베디드(Embedded) 외 신입/경력 인턴",엔아이스퀘어,광주 광산구,https://www.indeed.com/viewjob?jk=6531d039395a3ffe&from=web&vjs=3
Sr. Corporate Application Engineer – Calibre DS,Siemens,경기도 성남,https://www.indeed.com/viewjob?jk=c25ce54b919602dc&from=web&vjs=3
2022년도 개발자 (신입/경력),서울소프트,서울 금천구,https://www.indeed.com/viewjob?jk=e46f9a5073d8cfea&from=web&vjs=3
[메디픽셀] 딥러닝 & SW 개발 엔지니어,메디픽셀,서울 마포구,https://www.indeed.com/viewjob?jk=5b0e88a7d6d4afce&from=web&vjs=3
주식회사 데이터스트림즈 기술연구소 Java 개발자,데이터스트림즈,성남 분당구,https://www.indeed.com/viewjob?jk=bb1e9a32dd06df42&from=web&vjs=3
(주)아이옵스 소프트웨어 개발자,아이옵스,대전 유성구,https://www.indeed.com/viewjob?jk=08569da5881282ae&from=web&vjs=3
[2022년도 상반기] [연구개발 부문] 연구원 (MCU 계측제어설계/머신비전/이미지프로세싱),모든,경기도 광명,https://www.indeed.com/viewjob?jk=85f1ae8dff4d8878&from=web&vjs=3
Analog Design Engineer,Cirrus Logic,서울,https://www.indeed.com/viewjob?jk=d193999bb6d038d4&from=web&vjs=3
Application Engineer - IP Validation,Siemens Electronic Design Automation (Korea) LLC,경기도 성남,https://www.indeed.com/viewjob?jk=1be2f858ff81be64&from=web&vjs=3
Data Scientist,Applied Materials Inc.,대한민국,https://www.indeed.com/viewjob?jk=4b1765c4f3ce8631&from=web&vjs=3
자유롭게 소통하며 함께 일할 IT/SW 개발팀 정규직,헤븐트리,경상북도 경산,https://www.indeed.com/viewjob?jk=466547f7a5577282&from=web&vjs=3
Developer / Designer recruit,마이뮤직테이스트,서울 논현동,https://www.indeed.com/viewjob?jk=55a19c92c845685e&from=web&vjs=3
"Software Engineer, People with Disabilities (장애인 채용)",Google,서울,https://www.indeed.com/viewjob?jk=ac64fda2e281b835&from=web&vjs=3
데이터 전문가(모델러/분석가/엔지니어) 모집,카카오,성남 판교역,https://www.indeed.com/viewjob?jk=ac9068957c550cb3&from=web&vjs=3
(주)풀무원 AI 모델러 모집,풀무원,서울특별시,https://www.indeed.com/viewjob?jk=19a93f90df1e569d&from=web&vjs=3
[Clova CIC] 부문별 클로바 기획 담당자 (경력),네이버,서울,https://www.indeed.com/viewjob?jk=b755ba64bff7e161&from=web&vjs=3
각 분야별 인재 Pool 등록,지투알,서울,https://www.indeed.com/viewjob?jk=a5e926e1d22cdc11&from=web&vjs=3
서울 강남구 인썸니아 시니어 개발자 및 퍼블리셔,인썸니아,서울 서초구,https://www.indeed.com/viewjob?jk=6c1d50662fa2d7f7&from=web&vjs=3
[포티투마루] 인공지능(AI) 챗봇사업부 전 직군,포티투마루,서울 서초구,https://www.indeed.com/viewjob?jk=a92b737cbbdf425f&from=web&vjs=3
CS LCP,ASML,대한민국,https://www.indeed.com/viewjob?jk=87d89ada0a8d00c3&from=web&vjs=3
Application Engineer Korea,IMS Nanofabrication,경기도 화성,https://www.indeed.com/viewjob?jk=b81ddcc3978545fa&from=web&vjs=3
스크린플랫폼개발팀 웹개발자,카카오브이엑스 (KAKAO VX),성남 분당구,https://www.indeed.com/viewjob?jk=8a6e9cac2fec97be&from=web&vjs=3
앱가드 Android 개발,NHN,성남 판교역,https://www.indeed.com/viewjob?jk=834db148c2e3c7b5&from=web&vjs=3
Data Scientist (Clinical Plan Analyst),IQVIA,서울,https://www.indeed.com/viewjob?jk=188606f62a55c44a&from=web&vjs=3
은행 정보계 DW 시스템 담당자,케이뱅크은행,서울 중학동,https://www.indeed.com/viewjob?jk=705f1a36a7fafed3&from=web&vjs=3
Analog Design Engineer,Cirrus Logic,서울,https://www.indeed.com/viewjob?jk=d193999bb6d038d4&from=web&vjs=3
DGIST 동반진단의료기술융합연구실 계약직 연구원 채용 공고,대구경북과학기술원,대구 현풍면,https://www.indeed.com/viewjob?jk=db55ee61f98e6816&from=web&vjs=3
Renewables Consultant - Electrical Engineering,DNV,서울,https://www.indeed.com/viewjob?jk=cfdb66a24e99b6e3&from=web&vjs=3
"Software Engineer, People with Disabilities (장애인 채용)",Google,서울,https://www.indeed.com/viewjob?jk=ac64fda2e281b835&from=web&vjs=3
AI 분야 경력,LG CNS,서울,https://www.indeed.com/viewjob?jk=6d15c3420e935aea&from=web&vjs=3
VP R&D,Mofac,서울 서초구,https://www.indeed.com/viewjob?jk=fecc1f2f8e371810&from=web&vjs=3
[NAVER Cloud] 빅데이터 분석 플랫폼 엔지니어,네이버,서울,https://www.indeed.com/viewjob?jk=f994aab17cae31fb&from=web&vjs=3
PharmCADD 2021년 상반기 R&D센터 연구원 공개,팜캐드,서울 강남구,https://www.indeed.com/viewjob?jk=0ff2c43b1e2621a5&from=web&vjs=3
아비커스 경력 및 신입사원,아비커스,서울,https://www.indeed.com/viewjob?jk=699290df1b545c5d&from=web&vjs=3
Data Engineer,오피지지,서울 강남구,https://www.indeed.com/viewjob?jk=fe457b8e789d331c&from=web&vjs=3
해양PNT(위치정보) 연구단 계약직,한국해양과학기술원 부설 선박해양플랜트연구소,대전 유성구,https://www.indeed.com/viewjob?jk=c019531002ee24e4&from=web&vjs=3
DGIST-ETH 마이크로로봇연구센터 계약직 연구원 공개 초빙 공고,대구경북과학기술원,대구 현풍면,https://www.indeed.com/viewjob?jk=f19b8cb8881146ea&from=web&vjs=3
[자동차부품 우량대기업] ADAS Vision System SW개발 경력인재,에스에프인촌,서울,https://www.indeed.com/viewjob?jk=77d27b93a2007851&from=web&vjs=3
ESS 기반 에너지 블록체인 전력거래 서비스 추가 개발 및 운영 백엔드 개발자,텔다,서울 강북구,https://www.indeed.com/viewjob?jk=a9a51d3e0ac6382a&from=web&vjs=3
DGIST 미래자동차융합연구센터 계약직 연구원 및 연수연구원 공개 초빙 공고,대구경북과학기술원,대구 현풍면,https://www.indeed.com/viewjob?jk=74cf47be676133ff&from=web&vjs=3
연구개발본부 채용공고,쿠첸,서울 삼성동,https://www.indeed.com/viewjob?jk=42781bed59a9be95&from=web&vjs=3
Consultant_Infrastructure / Security,Microsoft,서울,https://www.indeed.com/viewjob?jk=8a7924ec2e51c28b&from=web&vjs=3
[위메프서비스] E-Commerce 데이터엔지니어/NLP개발자,위메프,대한민국,https://www.indeed.com/viewjob?jk=e36b281df2933890&from=web&vjs=3
경영지원부문 신입사원 채용,DL이앤씨,서울 평동,https://www.indeed.com/viewjob?jk=16bef2be27515eef&from=web&vjs=3
데이터 사이언티스트 모집,카카오,성남 판교역,https://www.indeed.com/viewjob?jk=0064deb5fa9cbce0&from=web&vjs=3
[판교] 화장품(대기업) 백엔드개발,시니어앤파트너즈,성남 분당구,https://www.indeed.com/viewjob?jk=b2995f32db4d005c&from=web&vjs=3
백엔드 개발자,뉴트리션코트,서울 강남구,https://www.indeed.com/viewjob?jk=d621cbb75440764e&from=web&vjs=3
Memory Validation Engineer - Automated Test Engineering,Intel,서울,https://www.indeed.com/viewjob?jk=126082b6e4eb693f&from=web&vjs=3
Sr. Back-end Engineer (Python),Soomgo,서울 강남구,https://www.indeed.com/viewjob?jk=752a4b5d63eac97c&from=web&vjs=3
파이썬 개발자 초중급 이상,데이터앤솔루션,서울 서초구,https://www.indeed.com/viewjob?jk=d158e683dc0b7500&from=web&vjs=3
상반기 경력직원 채용[CB솔루션],NICE평가정보,서울 영등포구,https://www.indeed.com/viewjob?jk=3155ddd27768c81e&from=web&vjs=3
[신사업] 백엔드 엔지니어 (전문연구요원 가능),버즈니,서울,https://www.indeed.com/viewjob?jk=a3b3aefaa5b24791&from=web&vjs=3
Cloud Solution Engineer,Oracle,서울,https://www.indeed.com/viewjob?jk=3f30b270fd650056&from=web&vjs=3
시스템 엔지니어링,NHN,성남 판교역,https://www.indeed.com/viewjob?jk=fc09bd46b913c048&from=web&vjs=3
[엑스퍼넷] 부설연구소 솔루션 지원 개발 신입/경력직,엑스퍼넷,서울 구로구,https://www.indeed.com/viewjob?jk=bdec744b393e0a7a&from=web&vjs=3
[데이터 플랫폼]서비스 데이터 엔지니어(전문연구요원 가능),버즈니,서울,https://www.indeed.com/viewjob?jk=ceb8243bc8ae3c35&from=web&vjs=3
대용량 데이터 엔지니어링,아프리카TV,경기도 성남,https://www.indeed.com/viewjob?jk=e0e37aaebc73dde3&from=web&vjs=3
[대기업] 클라우드 서비스 솔루션 개발,비에이블컨설팅그룹,서울,https://www.indeed.com/viewjob?jk=2cd08e43d8b37f87&from=web&vjs=3
Product Development Engineer,KLA,경기도 화성,https://www.indeed.com/viewjob?jk=59bfeb68f785d534&from=web&vjs=3
NAVER Cloud 사내 플랫폼 운영,엔아이티서비스,성남 삼평동,https://www.indeed.com/viewjob?jk=e557832a1976f187&from=web&vjs=3
[SAPEON Korea] Deep Learning 개발자,사피온코리아,성남 분당구,https://www.indeed.com/viewjob?jk=9d03965e8523cea6&from=web&vjs=3
리눅스 배포판 개발 국내 대기업,,대한민국,https://www.indeed.com/viewjob?jk=0c1f3f58243b62ac&from=web&vjs=3
모바일 게임 백엔드 프로그래머 신입/경력 정규직,롸이트핸드 엔터테인먼트,서울 서초구,https://www.indeed.com/viewjob?jk=413d20e82e567aff&from=web&vjs=3
